immigrant_id,passport_number,name,country,purpose_of_visit,contact,payment_status,timestamp
IM0001,A12345678,Emily Smith,United Kingdom,Tourism,emily.smith@email.com,Paid,01/06/2025 00:00
IM0002,B23456789,John Doe,United States,Business,johndoe@email.com,Paid,01/06/2025 02:16
IM0003,C34567890,Wei Zhang,China,Study,weizhang@email.cn,Pending,01/06/2025 04:32
IM0004,D45678901,Maria Garcia,Spain,Tourism,maria.garcia@email.es,Paid,01/06/2025 06:48
IM0005,E56789012,Ahmed Ali,Egypt,Transit,ahmed.ali@email.eg,Paid,01/06/2025 09:04
IM0006,F67890123,Anna M端ller,Germany,Business,anna.mueller@email.de,Pending,01/06/2025 11:20
IM0007,G78901234,Samuel Osei,Ghana,Tourism,samuel.osei@email.com,Paid,01/06/2025 13:36
IM0008,H89012345,Olga Ivanova,Russia,Study,olga.ivanova@email.ru,Paid,01/06/2025 15:52
IM0009,I90123456,Haruka Tanaka,Japan,Tourism,haruka.tanaka@email.jp,Pending,01/06/2025 18:08
IM0010,J01234567,Lucas Silva,Brazil,Business,lucas.silva@email.br,Paid,01/06/2025 20:24
IM0011,K12345679,Aisha Khan,Pakistan,Tourism,aisha.khan@email.pk,Paid,01/06/2025 22:40
IM0012,L23456780,Jean Dupont,France,Study,jean.dupont@email.fr,Pending,02/06/2025 00:56
IM0013,M34567891,Mary Johnson,Canada,Tourism,mary.johnson@email.ca,Paid,02/06/2025 03:12
IM0014,N45678902,Liam Murphy,Ireland,Business,liam.murphy@email.ie,Paid,02/06/2025 05:28
IM0015,O56789013,Leila Benali,Morocco,Transit,leila.benali@email.ma,Pending,02/06/2025 07:44
IM0016,P67890124,Kim Min-jun,South Korea,Tourism,kim.minjun@email.kr,Paid,02/06/2025 10:00
IM0017,Q78901235,Sophia Rossi,Italy,Study,sophia.rossi@email.it,Paid,02/06/2025 12:16
IM0018,R89012346,Juan Perez,Mexico,Tourism,juan.perez@email.mx,Pending,02/06/2025 14:32
IM0019,S90123457,Anna Nowak,Poland,Business,anna.nowak@email.pl,Paid,02/06/2025 16:48
IM0020,T01234568,David Brown,Australia,Tourism,david.brown@email.au,Paid,02/06/2025 19:04
IM0021,U12345680,Hassan Omar,Kenya,Study,hassan.omar@email.ke,Pending,02/06/2025 21:21
IM0022,V23456781,Isabella Santos,Portugal,Tourism,isabella.santos@email.pt,Paid,02/06/2025 23:37
IM0023,W34567892,Chloe Lee,Malaysia,Business,chloe.lee@email.my,Paid,03/06/2025 01:53
IM0024,X45678903,Viktor Petrov,Bulgaria,Transit,viktor.petrov@email.bg,Pending,03/06/2025 04:09
IM0025,Y56789014,Nadia Popescu,Romania,Tourism,nadia.popescu@email.ro,Paid,03/06/2025 06:25
IM0026,Z67890125,George Wilson,New Zealand,Study,george.wilson@email.nz,Paid,03/06/2025 08:41
IM0027,AA78901236,Julia Kim,South Korea,Tourism,julia.kim@email.kr,Pending,03/06/2025 10:57
IM0028,BB89012347,Victor Hugo,Brazil,Business,victor.hugo@email.br,Paid,03/06/2025 13:13
IM0029,CC90123458,Mohamed Salah,Egypt,Tourism,mohamed.salah@email.eg,Paid,03/06/2025 15:29
IM0030,DD01234569,Olivia Davis,United States,Study,olivia.davis@email.com,Pending,03/06/2025 17:45
IM0031,EE12345681,Thomas Meier,Switzerland,Tourism,thomas.meier@email.ch,Paid,03/06/2025 20:01
IM0032,FF23456782,Anya Singh,India,Business,anya.singh@email.in,Paid,03/06/2025 22:17
IM0033,GG34567893,Rafael Torres,Argentina,Transit,rafael.torres@email.ar,Pending,04/06/2025 00:33
IM0034,HH45678904,Laura M端ller,Germany,Tourism,laura.mueller@email.de,Paid,04/06/2025 02:49
IM0035,II56789015,Ali Reza,Iran,Study,ali.reza@email.ir,Paid,04/06/2025 05:05
IM0036,JJ67890126,Patrick O'Brien,Ireland,Tourism,patrick.obrien@email.ie,Pending,04/06/2025 07:21
IM0037,KK78901237,Chen Wei,China,Business,chen.wei@email.cn,Paid,04/06/2025 09:37
IM0038,LL89012348,Sara Svensson,Sweden,Tourism,sara.svensson@email.se,Paid,04/06/2025 11:53
IM0039,MM90123459,Juan Lopez,Colombia,Transit,juan.lopez@email.co,Pending,04/06/2025 14:09
IM0040,NN01234570,Anna Ivanova,Russia,Tourism,anna.ivanova@email.ru,Paid,04/06/2025 16:25
IM0041,OO12345682,James Wilson,Canada,Study,james.wilson@email.ca,Paid,04/06/2025 18:42
IM0042,PP23456783,Nguyen Thi Mai,Vietnam,Tourism,nguyen.mai@email.vn,Pending,04/06/2025 20:58
IM0043,QQ34567894,Peter Schmidt,Germany,Business,peter.schmidt@email.de,Paid,04/06/2025 23:14
IM0044,RR45678905,Julia Petrova,Russia,Transit,julia.petrova@email.ru,Paid,05/06/2025 01:30
IM0045,SS56789016,Diego Fernandez,Spain,Tourism,diego.fernandez@email.es,Pending,05/06/2025 03:46
IM0046,TT67890127,Mei Ling,China,Study,mei.ling@email.cn,Paid,05/06/2025 06:02
IM0047,UU78901238,Michael Clark,United Kingdom,Business,michael.clark@email.co.uk,Paid,05/06/2025 08:18
IM0048,VV89012349,Sofia Rossi,Italy,Tourism,sofia.rossi@email.it,Pending,05/06/2025 10:34
IM0049,WW90123460,Ahmed Hassan,Saudi Arabia,Transit,ahmed.hassan@email.sa,Paid,05/06/2025 12:50
IM0050,XX01234571,Emily Wong,Hong Kong,Study,emily.wong@email.hk,Paid,05/06/2025 15:06
IM0051,YY12345683,Noah Lee,Singapore,Tourism,noah.lee@email.sg,Pending,05/06/2025 17:22
IM0052,ZZ23456784,Rachel Adams,Australia,Business,rachel.adams@email.au,Paid,05/06/2025 19:38
IM0053,AAA34567895,Oscar Martinez,Spain,Tourism,oscar.martinez@email.es,Paid,05/06/2025 21:54
IM0054,BBB45678906,Isabel Fernandez,Mexico,Transit,isabel.fernandez@email.mx,Pending,06/06/2025 00:10
IM0055,CCC56789017,Leo Dubois,France,Study,leo.dubois@email.fr,Paid,06/06/2025 02:26
IM0056,DDD67890128,David Kim,South Korea,Tourism,david.kim@email.kr,Paid,06/06/2025 04:42
IM0057,EEE78901239,Anna Svensson,Sweden,Business,anna.svensson@email.se,Pending,06/06/2025 06:58
IM0058,FFF89012350,Mohamed Ali,Egypt,Tourism,mohamed.ali@email.eg,Paid,06/06/2025 09:14
IM0059,GGG90123461,Lucas Costa,Brazil,Study,lucas.costa@email.br,Paid,06/06/2025 11:30
IM0060,HHH01234572,Sophie Dubois,France,Tourism,sophie.dubois@email.fr,Pending,06/06/2025 13:46
IM0061,III12345684,Emily Evans,United States,Tourism,emily.evans@email.com,Paid,06/06/2025 16:03
IM0062,JJJ23456785,Pedro Souza,Portugal,Business,pedro.souza@email.pt,Paid,06/06/2025 18:19
IM0063,KKK34567896,Li Wei,China,Transit,li.wei@email.cn,Pending,06/06/2025 20:35
IM0064,LLL45678907,Anna M端ller,Germany,Tourism,anna.mueller2@email.de,Paid,06/06/2025 22:51
IM0065,MMM56789018,James McCarthy,Ireland,Study,james.mccarthy@email.ie,Paid,07/06/2025 01:07
IM0066,NNN67890129,Yusra Fatima,India,Tourism,yusra.fatima@email.in,Pending,07/06/2025 03:23
IM0067,OOO78901240,Laura Rossi,Italy,Business,laura.rossi@email.it,Paid,07/06/2025 05:39
IM0068,PPP89012351,Samuel Brown,Canada,Tourism,samuel.brown@email.ca,Paid,07/06/2025 07:55
IM0069,QQQ90123462,Ahmed Yusuf,Nigeria,Transit,ahmed.yusuf@email.ng,Pending,07/06/2025 10:11
IM0070,RRR01234573,Isabella Silva,Brazil,Study,isabella.silva@email.br,Paid,07/06/2025 12:27
IM0071,SSS12345685,Ali Al-Farsi,Oman,Tourism,ali.alfarsi@email.om,Paid,07/06/2025 14:43
IM0072,TTT23456786,Yuki Nakamura,Japan,Business,yuki.nakamura@email.jp,Pending,07/06/2025 16:59
IM0073,UUU34567897,Marta Lopez,Spain,Tourism,marta.lopez@email.es,Paid,07/06/2025 19:15
IM0074,VVV45678908,Peter Johnson,United States,Transit,peter.johnson@email.com,Paid,07/06/2025 21:31
IM0075,WWW56789019,Amina Ahmed,Egypt,Study,amina.ahmed@email.eg,Pending,07/06/2025 23:47
IM0076,XXX67890130,George Brown,United Kingdom,Tourism,george.brown@email.co.uk,Paid,08/06/2025 02:03
IM0077,YYY78901241,Xinyi Chen,China,Business,xinyi.chen@email.cn,Paid,08/06/2025 04:19
IM0078,ZZZ89012352,Anna Johansson,Sweden,Tourism,anna.johansson@email.se,Pending,08/06/2025 06:35
IM0079,AAA90123463,Lucas Martin,Argentina,Transit,lucas.martin@email.ar,Paid,08/06/2025 08:51
IM0080,BBB01234574,Marie Dubois,France,Study,marie.dubois@email.fr,Paid,08/06/2025 11:07
IM0081,CCC12345686,David Wilson,Australia,Tourism,david.wilson@email.au,Pending,08/06/2025 13:24
IM0082,DDD23456787,Emma M端ller,Germany,Business,emma.mueller@email.de,Paid,08/06/2025 15:40
IM0083,EEE34567898,Juan Alvarez,Mexico,Tourism,juan.alvarez@email.mx,Paid,08/06/2025 17:56
IM0084,FFF45678909,Olga Petrova,Russia,Transit,olga.petrova@email.ru,Pending,08/06/2025 20:12
IM0085,GGG56789020,Isabella Rossi,Italy,Study,isabella.rossi@email.it,Paid,08/06/2025 22:28
IM0086,HHH67890131,James Lee,South Korea,Tourism,james.lee@email.kr,Paid,09/06/2025 00:44
IM0087,III78901242,Amira El-Sayed,Egypt,Business,amira.elsayed@email.eg,Pending,09/06/2025 03:00
IM0088,JJJ89012353,Anna Karlsson,Sweden,Tourism,anna.karlsson@email.se,Paid,09/06/2025 05:16
IM0089,KKK90123464,Lucas Almeida,Brazil,Transit,lucas.almeida@email.br,Paid,09/06/2025 07:32
IM0090,LLL01234575,Marie Laurent,France,Study,marie.laurent@email.fr,Pending,09/06/2025 09:48
IM0091,MMM12345687,David Miller,United States,Tourism,david.miller@email.com,Paid,09/06/2025 12:04
IM0092,NNN23456788,Pedro Lima,Portugal,Business,pedro.lima@email.pt,Paid,09/06/2025 14:20
IM0093,OOO34567899,Li Na,China,Transit,li.na@email.cn,Pending,09/06/2025 16:36
IM0094,PPP45678910,Anna Weber,Germany,Tourism,anna.weber@email.de,Paid,09/06/2025 18:52
IM0095,QQQ56789021,James O'Connor,Ireland,Study,james.oconnor@email.ie,Paid,09/06/2025 21:08
IM0096,RRR67890132,Yusra Begum,India,Tourism,yusra.begum@email.in,Pending,09/06/2025 23:24
IM0097,SSS78901243,Laura Bianchi,Italy,Business,laura.bianchi@email.it,Paid,10/06/2025 01:40
IM0098,TTT89012354,Samuel Green,Canada,Tourism,samuel.green@email.ca,Paid,10/06/2025 03:56
IM0099,UUU90123465,Ahmed Musa,Nigeria,Transit,ahmed.musa@email.ng,Pending,10/06/2025 06:12
IM0100,VVV01234576,Isabella Costa,Brazil,Study,isabella.costa@email.br,Paid,10/06/2025 08:28
IM0101,BVB877123,Pemba Comfort,Malawi,Study,comfort@email.com,Paid,10/06/2025 21:35
IM0106,MDSW13247932,Jonathan Bwande,Malawi,Study,jonathan@example.com,Paid,14/06/2025 10:31
IM0102,UKSD2482392,Lucy Nkwinika,United States ,Study,lucy@email.com,Paid,14/06/2025 21:07
IM0103,EURR3278323,Dorothy Kamoto,United States,Work,dorothy@email.com,Paid,2025/07/01 12:49
IM0104,UIYU8789323,Chifundo Banda,United Kingdom,Work,chifundo@example.com,Paid,2025/07/01 14:11
